{
  "0A9B4653-B11E-4D6A-850E-C6FCB621626C" : {
    "cameraTransform" : [
      0.98073142766952515,
      -1.9820145524818145e-10,
      -0.19536100327968597,
      0,
      -0.10051192343235016,
      0.85749435424804688,
      -0.50457978248596191,
      0,
      0.16752095520496368,
      0.51449334621429443,
      0.84097164869308472,
      0,
      0.090841911733150482,
      0.058492958545684814,
      0.13903293013572693,
      1
    ],
    "objectMetadataList" : [
      [
        "0A9B4653-B11E-4D6A-850E-C6FCB621626C",
        "Root",
        "GridMaterial"
      ],
      {
        "isExpanded" : true,
        "isLocked" : false
      },
      [
        "0A9B4653-B11E-4D6A-850E-C6FCB621626C",
        "Root"
      ],
      {
        "isExpanded" : true,
        "isLocked" : false
      },
      [
        "0A9B4653-B11E-4D6A-850E-C6FCB621626C",
        "Root",
        "Sphere"
      ],
      {
        "isExpanded" : true,
        "isLocked" : false
      }
    ]
  },
  "01A389CE-549D-43D4-8082-422095AD9977" : {
    "cameraTransform" : [
      0.99999994039535522,
      0,
      0,
      0,
      0,
      0.86602550745010376,
      -0.49999988079071045,
      0,
      0,
      0.49999988079071045,
      0.86602550745010376,
      0,
      0,
      0.27093541622161865,
      0.46927398443222046,
      1
    ],
    "objectMetadataList" : [
      [
        "01A389CE-549D-43D4-8082-422095AD9977",
        "Root",
        "GridMaterial"
      ],
      {
        "isExpanded" : true,
        "isLocked" : false
      },
      [
        "01A389CE-549D-43D4-8082-422095AD9977",
        "Root"
      ],
      {
        "isExpanded" : true,
        "isLocked" : false
      }
    ]
  },
  "1CBF3893-ABFD-408C-8B91-045BFD257808" : {
    "cameraTransform" : [
      0.99999994039535522,
      0,
      0,
      0,
      0,
      0.86602550745010376,
      -0.49999988079071045,
      0,
      0,
      0.49999988079071045,
      0.86602550745010376,
      0,
      0,
      0.27093541622161865,
      0.46927398443222046,
      1
    ],
    "objectMetadataList" : [

    ]
  },
  "03E02005-EFA6-48D6-8A76-05B2822A74E9" : {
    "cameraTransform" : [
      0.99999994039535522,
      0,
      0,
      0,
      0,
      0.86602538824081421,
      -0.49999994039535522,
      0,
      0,
      0.49999994039535522,
      0.86602538824081421,
      0,
      0,
      0.59819567203521729,
      1.0361053943634033,
      1
    ],
    "objectMetadataList" : [

    ]
  },
  "7EF42796-68EE-4330-954D-0853FBBEB57C" : {
    "cameraTransform" : [
      0.99999994039535522,
      0,
      0,
      0,
      0,
      0.86602550745010376,
      -0.49999988079071045,
      0,
      0,
      0.49999988079071045,
      0.86602550745010376,
      0,
      0,
      0.27093541622161865,
      0.46927398443222046,
      1
    ],
    "objectMetadataList" : [

    ]
  },
  "26DBAE76-5DD8-47B6-A085-1B4ADA111097" : {
    "cameraTransform" : [
      0.1967499852180481,
      7.4563310192843346e-08,
      -0.9804537296295166,
      0,
      -0.50569182634353638,
      0.85672509670257568,
      -0.10147831588983536,
      0,
      0.83997929096221924,
      0.5157732367515564,
      0.1685606837272644,
      0,
      0.35734003782272339,
      0.17281971871852875,
      0.019828148186206818,
      1
    ],
    "objectMetadataList" : [
      [
        "26DBAE76-5DD8-47B6-A085-1B4ADA111097",
        "Root"
      ],
      {
        "isExpanded" : true,
        "isLocked" : false
      }
    ]
  },
  "34C460AE-CA1B-4348-BD05-621ACBDFFE97" : {
    "cameraTransform" : [
      0.99999994039535522,
      0,
      0,
      0,
      0,
      0.86602550745010376,
      -0.49999988079071045,
      0,
      0,
      0.49999988079071045,
      0.86602550745010376,
      0,
      0,
      0.27093541622161865,
      0.46927398443222046,
      1
    ],
    "objectMetadataList" : [

    ]
  },
  "440DE5B4-E4E4-459B-AABF-9ACE96319272" : {
    "cameraTransform" : [
      0.99999994039535522,
      0,
      0,
      0,
      0,
      0.86602538824081421,
      -0.49999994039535522,
      0,
      0,
      0.49999994039535522,
      0.86602538824081421,
      0,
      0,
      0.59819567203521729,
      1.0361053943634033,
      1
    ],
    "objectMetadataList" : [
      [
        "440DE5B4-E4E4-459B-AABF-9ACE96319272",
        "Root"
      ],
      {
        "isExpanded" : true,
        "isLocked" : false
      }
    ]
  },
  "71393687-2933-4D8A-AC10-8E59942BADC1" : {
    "cameraTransform" : [
      0.99999994039535522,
      0,
      0,
      0,
      0,
      0.86602550745010376,
      -0.49999988079071045,
      0,
      0,
      0.49999988079071045,
      0.86602550745010376,
      0,
      0,
      0.27093541622161865,
      0.46927398443222046,
      1
    ],
    "objectMetadataList" : [
      [
        "71393687-2933-4D8A-AC10-8E59942BADC1",
        "Root"
      ],
      {
        "isExpanded" : true,
        "isLocked" : false
      }
    ]
  },
  "DA9DAF2C-903E-456C-87A3-0257ACFA25C0" : {
    "cameraTransform" : [
      1,
      0,
      -0,
      0,
      -0,
      0.86602544784545898,
      -0.49999994039535522,
      0,
      0,
      0.49999994039535522,
      0.86602544784545898,
      0,
      0,
      0.27093505859375,
      0.46927332878112793,
      1
    ],
    "objectMetadataList" : [
      [
        "DA9DAF2C-903E-456C-87A3-0257ACFA25C0",
        "Root"
      ],
      {
        "isExpanded" : true,
        "isLocked" : false
      }
    ]
  },
  "FBD8436F-6B8B-4B82-99B5-995D538B4704" : {
    "cameraTransform" : [
      0.99999994039535522,
      0,
      0,
      0,
      0,
      0.86602538824081421,
      -0.49999994039535522,
      0,
      0,
      0.49999994039535522,
      0.86602538824081421,
      0,
      0,
      0.59819567203521729,
      1.0361053943634033,
      1
    ],
    "objectMetadataList" : [
      [
        "FBD8436F-6B8B-4B82-99B5-995D538B4704",
        "Root"
      ],
      {
        "isExpanded" : true,
        "isLocked" : false
      }
    ]
  }
}